Country,State,District LGD Code,District,Sub-District LGD Code,Sub-District,SourceYear,Actual Annual Rainfall from 2010 to 2020 (mm) 2010,Actual Annual Rainfall from 2010 to 2020 (mm) 2011,Actual Annual Rainfall from 2010 to 2020 (mm) 2012,Actual Annual Rainfall from 2010 to 2020 (mm) 2013,Actual Annual Rainfall from 2010 to 2020 (mm) 2014,Actual Annual Rainfall from 2010 to 2020 (mm) 2015,Actual Annual Rainfall from 2010 to 2020 (mm) 2016,Actual Annual Rainfall from 2010 to 2020 (mm) 2017,Actual Annual Rainfall from 2010 to 2020 (mm) 2018,Actual Annual Rainfall from 2010 to 2020 (mm) 2019,Actual Annual Rainfall from 2010 to 2020 (mm) 2020,YearCode,Year
India,Karnataka,738,Vijayanagar,7108,Kotturu,2019-20,0,0,0,0,0,0,0,0,0,685,758,2019,"Financial Year (Apr - Mar), 2019"
India,Karnataka,738,Vijayanagar,5502,Kudligi,2019-20,638,318,378,417,526,431,260,494,467,684,768,2019,"Financial Year (Apr - Mar), 2019"
India,Karnataka,738,Vijayanagar,5497,Hagaribommanahalli,2019-20,602,460,485,442,538,508,347,605,438,715,853,2019,"Financial Year (Apr - Mar), 2019"
India,Karnataka,738,Vijayanagar,5496,Hadagalli,2019-20,637,493,461,527,593,365,391,622,376,792,796,2019,"Financial Year (Apr - Mar), 2019"
India,Karnataka,738,Vijayanagar,5498,Hosapete,2019-20,784,440,490,636,691,415,370,592,420,566,894,2019,"Financial Year (Apr - Mar), 2019"
India,Karnataka,738,Vijayanagar,5510,Harapanahalli,2019-20,860,497,565,644,915,542,432,704,547,786,833,2019,"Financial Year (Apr - Mar), 2019"
India,Karnataka,524,Bagalkote,5443,Jamkhandi,2019-20,675,454,347,557,599,335,416,530,429,656,680,2019,"Financial Year (Apr - Mar), 2019"
India,Karnataka,524,Bagalkote,5444,Bilgi,2019-20,606,449,449,624,864,506,456,658,418,522,644,2019,"Financial Year (Apr - Mar), 2019"
India,Karnataka,524,Bagalkote,5445,Mudhol,2019-20,679,530,317,425,482,392,524,592,359,665,810,2019,"Financial Year (Apr - Mar), 2019"
India,Karnataka,524,Bagalkote,5446,Badami,2019-20,580,423,330,465,667,521,381,500,348,660,688,2019,"Financial Year (Apr - Mar), 2019"
India,Karnataka,524,Bagalkote,5447,Bagalkot,2019-20,598,568,348,440,634,457,307,689,329,557,660,2019,"Financial Year (Apr - Mar), 2019"
India,Karnataka,524,Bagalkote,5448,Hungund,2019-20,665,607,425,621,603,597,416,598,303,586,848,2019,"Financial Year (Apr - Mar), 2019"
India,Karnataka,524,Bagalkote,7061,Guledgudda,2019-20,0,0,0,0,0,0,0,0,0,686,801,2019,"Financial Year (Apr - Mar), 2019"
India,Karnataka,524,Bagalkote,7062,Ilkal,2019-20,0,0,0,0,0,0,0,0,0,528,846,2019,"Financial Year (Apr - Mar), 2019"
India,Karnataka,524,Bagalkote,7063,Rabakavi Banahatti,2019-20,0,0,0,0,0,0,0,0,0,673,797,2019,"Financial Year (Apr - Mar), 2019"
India,Karnataka,525,Bengaluru Urban,5542,Bengaluru North,2019-20,925,920,610,957,1019,1057,1165,479,828,874,1146,2019,"Financial Year (Apr - Mar), 2019"
India,Karnataka,525,Bengaluru Urban,5543,Bengaluru South,2019-20,835,1058,537,862,925,1258,1403,1488,963,902,1169,2019,"Financial Year (Apr - Mar), 2019"
India,Karnataka,525,Bengaluru Urban,5544,Bengaluru East,2019-20,877,1092,354,620,611,908,1358,1097,1008,711,1019,2019,"Financial Year (Apr - Mar), 2019"
India,Karnataka,525,Bengaluru Urban,5545,Anekal,2019-20,844,734,437,593,433,839,922,820,665,773,1040,2019,"Financial Year (Apr - Mar), 2019"
India,Karnataka,525,Bengaluru Urban,7103,Yelahanka,2019-20,899,988,712,892,996,1012,629,489,667,890,1017,2019,"Financial Year (Apr - Mar), 2019"
India,Karnataka,526,Bengaluru Rural,5601,Nelamangala,2019-20,989,851,546,966,970,1565,711,1164,937,1008.2,999,2019,"Financial Year (Apr - Mar), 2019"
India,Karnataka,526,Bengaluru Rural,5602,Dodda Ballapur,2019-20,631,595,389,581,763,934,582,914,602,842.7,912,2019,"Financial Year (Apr - Mar), 2019"
India,Karnataka,526,Bengaluru Rural,5603,Devanahalli,2019-20,868,768,492,812,718,1047,742,965,681,855.5,927,2019,"Financial Year (Apr - Mar), 2019"
India,Karnataka,526,Bengaluru Rural,5604,Hosakote,2019-20,787,781,611,777,987,1033,899,1141,719,907.8,999,2019,"Financial Year (Apr - Mar), 2019"
India,Karnataka,527,Belagavi,5433,Chikodi,2019-20,856,517,461,622,693,505,621,717,597,957,815,2019,"Financial Year (Apr - Mar), 2019"
India,Karnataka,527,Belagavi,5434,Athni,2019-20,538,295,225,385,488,347,400,540,372,655,712,2019,"Financial Year (Apr - Mar), 2019"
India,Karnataka,527,Belagavi,5435,Raybag,2019-20,650,309,229,306,498,259,347,528,345,689,685,2019,"Financial Year (Apr - Mar), 2019"
India,Karnataka,527,Belagavi,5436,Gokak,2019-20,635,488,303,313,566,281,239,502,353,738,684,2019,"Financial Year (Apr - Mar), 2019"
India,Karnataka,527,Belagavi,5437,Hukeri,2019-20,907,735,466,686,776,416,543,678,677,1026,843,2019,"Financial Year (Apr - Mar), 2019"
India,Karnataka,527,Belagavi,5438,Belagavi,2019-20,1266,1359,732,1147,1338,702,1023,958,1186,1866,1330,2019,"Financial Year (Apr - Mar), 2019"
India,Karnataka,527,Belagavi,5439,Khanapur,2019-20,3279,3975,2488,2635,2998,1974,2463,2569,3432,3261,2223,2019,"Financial Year (Apr - Mar), 2019"
India,Karnataka,527,Belagavi,5440,Bailahongala,2019-20,871,774,500,673,941,587,560,619,628,1214,858,2019,"Financial Year (Apr - Mar), 2019"
India,Karnataka,527,Belagavi,5441,Savadatti,2019-20,576,424,257,382,951,490,420,587,463,751,736,2019,"Financial Year (Apr - Mar), 2019"
India,Karnataka,527,Belagavi,5442,Ramdurg,2019-20,668,566,387,506,707,450,437,600,349,660,676,2019,"Financial Year (Apr - Mar), 2019"
India,Karnataka,527,Belagavi,7043,Kittur,2019-20,0,0,0,0,0,0,0,0,0,1452,1107,2019,"Financial Year (Apr - Mar), 2019"
India,Karnataka,527,Belagavi,7099,Mudalgi,2019-20,0,0,0,0,0,0,0,0,0,765,763,2019,"Financial Year (Apr - Mar), 2019"
India,Karnataka,527,Belagavi,7100,Kagwad,2019-20,0,0,0,0,0,0,0,0,0,657,663,2019,"Financial Year (Apr - Mar), 2019"
India,Karnataka,527,Belagavi,7105,Nippani,2019-20,0,0,0,0,0,0,0,0,0,1253,956,2019,"Financial Year (Apr - Mar), 2019"
India,Karnataka,528,Ballari,5499,Siruguppa,2019-20,644,261,368,454,537,466,455,731,250,565,759,2019,"Financial Year (Apr - Mar), 2019"
India,Karnataka,528,Ballari,5500,Ballari,2019-20,620,363,348,420,488,587,248,727,237,563,716,2019,"Financial Year (Apr - Mar), 2019"
India,Karnataka,528,Ballari,5501,Sandur,2019-20,857,537,527,538,675,577,299,458,451,685,1008,2019,"Financial Year (Apr - Mar), 2019"
India,Karnataka,528,Ballari,7107,Kampli,2019-20,0,0,0,0,0,0,0,0,0,531,746,2019,"Financial Year (Apr - Mar), 2019"
India,Karnataka,528,Ballari,7109,Kurugodu,2019-20,0,0,0,0,0,0,0,0,0,540,685,2019,"Financial Year (Apr - Mar), 2019"
India,Karnataka,529,Bidar,5454,Basavakalyan,2019-20,1133,745,589,773,765,521,1155,825,590,703,1134,2019,"Financial Year (Apr - Mar), 2019"
India,Karnataka,529,Bidar,5455,Bhalki,2019-20,920,698,711,1023,577,565,1240,794,517,645,957,2019,"Financial Year (Apr - Mar), 2019"
India,Karnataka,529,Bidar,5456,Aurad,2019-20,1000,857,767,1034,546,604,1216,778,602,689,962,2019,"Financial Year (Apr - Mar), 2019"
India,Karnataka,529,Bidar,5457,Bidar,2019-20,1136,661,817,1088,611,608,1248,951,462,651,1097,2019,"Financial Year (Apr - Mar), 2019"
India,Karnataka,529,Bidar,5458,Homnabad,2019-20,1050,676,737,914,565,518,989,827,420,672,1135,2019,"Financial Year (Apr - Mar), 2019"
India,Karnataka,529,Bidar,7084,Chitaguppa,2019-20,0,0,0,0,0,0,0,0,0,685,1112,2019,"Financial Year (Apr - Mar), 2019"
India,Karnataka,529,Bidar,7085,Kamalnagar,2019-20,0,0,0,0,0,0,0,0,0,666,952,2019,"Financial Year (Apr - Mar), 2019"
India,Karnataka,529,Bidar,7086,Hulsoor,2019-20,0,0,0,0,0,0,0,0,0,644,1080,2019,"Financial Year (Apr - Mar), 2019"
India,Karnataka,530,Vijayapura,5449,Vijayapura,2019-20,551,278,425,601,1088,444,369,583,331,705.8,716,2019,"Financial Year (Apr - Mar), 2019"
India,Karnataka,530,Vijayapura,5450,Indi,2019-20,570,375,446,546,690,354,522,627,323,647.4,682,2019,"Financial Year (Apr - Mar), 2019"
India,Karnataka,530,Vijayapura,5451,Sindgi,2019-20,583,351,495,511,767,282,485,542,265,682.5,818,2019,"Financial Year (Apr - Mar), 2019"
India,Karnataka,530,Vijayapura,5452,Basavana Bagevadi,2019-20,648,416,413,612,1150,495,465,661,416,708.1,804,2019,"Financial Year (Apr - Mar), 2019"
India,Karnataka,530,Vijayapura,5453,Muddebihal,2019-20,622,416,403,544,555,370,418,589,330,685.3,801,2019,"Financial Year (Apr - Mar), 2019"
India,Karnataka,530,Vijayapura,7069,Babaleshwar,2019-20,0,0,0,0,0,0,0,0,0,578.3,644,2019,"Financial Year (Apr - Mar), 2019"
India,Karnataka,530,Vijayapura,7070,Chadachan,2019-20,0,0,0,0,0,0,0,0,0,576.8,664,2019,"Financial Year (Apr - Mar), 2019"
India,Karnataka,530,Vijayapura,7071,Devara Hipparagi,2019-20,0,0,0,0,0,0,0,0,0,661.8,783,2019,"Financial Year (Apr - Mar), 2019"
India,Karnataka,530,Vijayapura,7072,Kolhar,2019-20,0,0,0,0,0,0,0,0,0,643.1,699,2019,"Financial Year (Apr - Mar), 2019"
India,Karnataka,530,Vijayapura,7073,Talikoti,2019-20,0,0,0,0,0,0,0,0,0,609.8,800,2019,"Financial Year (Apr - Mar), 2019"
India,Karnataka,530,Vijayapura,7074,Tikota,2019-20,0,0,0,0,0,0,0,0,0,427.7,661,2019,"Financial Year (Apr - Mar), 2019"
India,Karnataka,530,Vijayapura,7075,Nidagundi,2019-20,0,0,0,0,0,0,0,0,0,651.6,712,2019,"Financial Year (Apr - Mar), 2019"
India,Karnataka,531,Chamarajanagara,5576,Gundlupet,2019-20,930,833,565,655,930,892,380,780,958,794,788,2019,"Financial Year (Apr - Mar), 2019"
India,Karnataka,531,Chamarajanagara,5577,Chamarajanagar,2019-20,807,679,379,494,807,771,229,779,558,727.3,852,2019,"Financial Year (Apr - Mar), 2019"
India,Karnataka,531,Chamarajanagara,5578,Yelandur,2019-20,830,791,438,503,930,1883,275,1058,661,925.8,1001,2019,"Financial Year (Apr - Mar), 2019"
India,Karnataka,531,Chamarajanagara,5579,Kollegal,2019-20,853,588,382,482,853,642,112,596,455,482.2,961,2019,"Financial Year (Apr - Mar), 2019"
India,Karnataka,531,Chamarajanagara,7077,Hanur,2019-20,0,0,0,0,0,0,0,0,0,0,933,2019,"Financial Year (Apr - Mar), 2019"
India,Karnataka,532,Chikkamagaluru,5525,Sringeri,2019-20,4343,5551,5498,6073,5275,4077,3927,4068,6804,4621.5,4783.4,2019,"Financial Year (Apr - Mar), 2019"
India,Karnataka,532,Chikkamagaluru,5526,Koppa,2019-20,3081,3151,2776,3914,3701,2566,2427,2416,4315,3384,3089.9,2019,"Financial Year (Apr - Mar), 2019"
India,Karnataka,532,Chikkamagaluru,5527,Narasimharajapura,2019-20,1983,1878,1510,2153,2054,1585,1406,1355,2645,2081.5,1717.3,2019,"Financial Year (Apr - Mar), 2019"
India,Karnataka,532,Chikkamagaluru,5528,Tarikere,2019-20,1164,777,597,1164,1180,1110,866,653,1165,1220.2,922,2019,"Financial Year (Apr - Mar), 2019"
India,Karnataka,532,Chikkamagaluru,5529,Kadur,2019-20,957,482,719,632,843,837,551,514,784,1014.1,739.7,2019,"Financial Year (Apr - Mar), 2019"
India,Karnataka,532,Chikkamagaluru,5530,Chikkamagaluru,2019-20,1547,1336,976,1591,1275,1201,1129,1090,1673,1733.6,1092.7,2019,"Financial Year (Apr - Mar), 2019"
India,Karnataka,532,Chikkamagaluru,5531,Mudigere,2019-20,3313,3077,2408,3438,3339,2526,2134,2428,3350,3810.1,3496.5,2019,"Financial Year (Apr - Mar), 2019"
India,Karnataka,532,Chikkamagaluru,7078,Ajjampura,2019-20,0,0,0,0,0,0,0,0,0,1170.3,902.4,2019,"Financial Year (Apr - Mar), 2019"
India,Karnataka,533,Chitradurga,5503,Molakalmuru,2019-20,807,295,492,321,704,449,226,481,395,580,753,2019,"Financial Year (Apr - Mar), 2019"
India,Karnataka,533,Chitradurga,5504,Challakere,2019-20,735,268,532,439,565,535,227,553,300,585,737,2019,"Financial Year (Apr - Mar), 2019"
India,Karnataka,533,Chitradurga,5505,Chitradurga,2019-20,915,328,668,702,990,638,391,638,502,795,906,2019,"Financial Year (Apr - Mar), 2019"
India,Karnataka,533,Chitradurga,5506,Holalkere,2019-20,1110,540,598,715,962,864,406,624,721,929,811,2019,"Financial Year (Apr - Mar), 2019"
India,Karnataka,533,Chitradurga,5507,Hosdurga,2019-20,951,423,365,372,635,690,241,451,552,1011,770,2019,"Financial Year (Apr - Mar), 2019"
India,Karnataka,533,Chitradurga,5508,Hiriyur,2019-20,795,308,455,627,642,719,249,655,377,789,675,2019,"Financial Year (Apr - Mar), 2019"
India,Karnataka,534,Dakshina Kannada,5561,Mangaluru,2019-20,4716,3842,3418,3920,3271,2849,2926,2934,3780,3952,4009,2019,"Financial Year (Apr - Mar), 2019"
India,Karnataka,534,Dakshina Kannada,5562,Bantval,2019-20,4028,3928,3254,3847,3620,2879,2887,3036,3981,3983,3568,2019,"Financial Year (Apr - Mar), 2019"
India,Karnataka,534,Dakshina Kannada,5563,Beltangadi,2019-20,4921,5022,4041,5001,4175,3680,3521,3929,5137,4430,4260,2019,"Financial Year (Apr - Mar), 2019"
India,Karnataka,534,Dakshina Kannada,5564,Puttur,2019-20,4559,4623,3181,3897,3906,3225,2862,3066,4625,3902,3429,2019,"Financial Year (Apr - Mar), 2019"
India,Karnataka,534,Dakshina Kannada,5565,Sulya,2019-20,4037,4164,3006,4593,3864,3236,2728,3286,4665,3810,3734,2019,"Financial Year (Apr - Mar), 2019"
India,Karnataka,534,Dakshina Kannada,7102,Moodubidire,2019-20,0,0,0,0,0,0,0,0,0,4019,4342,2019,"Financial Year (Apr - Mar), 2019"
India,Karnataka,534,Dakshina Kannada,7104,Kadaba,2019-20,0,0,0,0,0,0,0,0,0,4009,3840,2019,"Financial Year (Apr - Mar), 2019"
India,Karnataka,535,Davangere,5509,Harihar,2019-20,1058,459,469,646,949,512,451,849,573,737,674,2019,"Financial Year (Apr - Mar), 2019"
India,Karnataka,535,Davangere,5511,Jagalur,2019-20,679,351,560,449,645,496,199,477,367,732,778,2019,"Financial Year (Apr - Mar), 2019"
India,Karnataka,535,Davangere,5512,Davanagere,2019-20,904,427,488,774,828,552,486,764,544,865,907,2019,"Financial Year (Apr - Mar), 2019"
India,Karnataka,535,Davangere,5513,Honnali,2019-20,1169,709,511,714,939,656,488,741,678,914,824,2019,"Financial Year (Apr - Mar), 2019"
India,Karnataka,535,Davangere,5514,Channagiri,2019-20,1064,636,608,837,1028,818,545,711,738,927,832,2019,"Financial Year (Apr - Mar), 2019"
India,Karnataka,535,Davangere,7076,Nyamathi,2019-20,0,0,0,0,0,0,0,0,0,914,919,2019,"Financial Year (Apr - Mar), 2019"
India,Karnataka,536,Dharwad,5473,Dharwad,2019-20,964,945,582,788,976,703,619,612,923,1449,1081,2019,"Financial Year (Apr - Mar), 2019"
India,Karnataka,536,Dharwad,5474,Navalgund,2019-20,724,491,395,589,839,532,379,569,568,902,787,2019,"Financial Year (Apr - Mar), 2019"
India,Karnataka,536,Dharwad,5475,Hubballi,2019-20,734,528,551,619,747,453,407,632,569,1294,899,2019,"Financial Year (Apr - Mar), 2019"
India,Karnataka,536,Dharwad,5476,Kalghatgi,2019-20,1085,975,607,840,1370,601,487,639,761,1478,1221,2019,"Financial Year (Apr - Mar), 2019"
India,Karnataka,536,Dharwad,5477,Kundgol,2019-20,736,499,349,474,1084,454,322,564,510,1058,863,2019,"Financial Year (Apr - Mar), 2019"
India,Karnataka,536,Dharwad,7079,Hubballi Urban,2019-20,0,0,0,0,0,0,0,0,0,1560,985,2019,"Financial Year (Apr - Mar), 2019"
India,Karnataka,536,Dharwad,7080,Annigeri,2019-20,0,0,0,0,0,0,0,0,0,902,923,2019,"Financial Year (Apr - Mar), 2019"
India,Karnataka,536,Dharwad,7081,Alnavar,2019-20,0,0,0,0,0,0,0,0,0,1806,1319,2019,"Financial Year (Apr - Mar), 2019"
India,Karnataka,537,Gadag,5468,Nargund,2019-20,730,449,346,480,796,430,457,686,451,643,703,2019,"Financial Year (Apr - Mar), 2019"
India,Karnataka,537,Gadag,5469,Ron,2019-20,730,426,299,477,510,424,415,533,421,686,798,2019,"Financial Year (Apr - Mar), 2019"
India,Karnataka,537,Gadag,5470,Gadag,2019-20,856,539,412,618,775,405,310,530,588,731,765,2019,"Financial Year (Apr - Mar), 2019"
India,Karnataka,537,Gadag,5471,Shirhatti,2019-20,769,631,510,518,869,421,439,488,501,765,680,2019,"Financial Year (Apr - Mar), 2019"
India,Karnataka,537,Gadag,5472,Mundargi,2019-20,680,416,359,473,572,303,228,531,306,630,704,2019,"Financial Year (Apr - Mar), 2019"
India,Karnataka,537,Gadag,7082,Gajendragad,2019-20,0,0,0,0,0,0,0,0,0,632,785,2019,"Financial Year (Apr - Mar), 2019"
India,Karnataka,537,Gadag,7083,Laxmeshwar,2019-20,0,0,0,0,0,0,0,0,0,797,640,2019,"Financial Year (Apr - Mar), 2019"
India,Karnataka,538,Kalaburagi,5580,Aland,2019-20,853,587,534,645,721,347,745,748,524,713,1039,2019,"Financial Year (Apr - Mar), 2019"
India,Karnataka,538,Kalaburagi,5581,Afzalpur,2019-20,997,577,605,777,784,398,696,751,419,628,943,2019,"Financial Year (Apr - Mar), 2019"
India,Karnataka,538,Kalaburagi,5582,Kalaburagi,2019-20,900,646,583,762,731,549,895,676,503,666,1105,2019,"Financial Year (Apr - Mar), 2019"
India,Karnataka,538,Kalaburagi,5583,Chincholi,2019-20,1092,679,790,953,741,777,1351,885,674,757,1085,2019,"Financial Year (Apr - Mar), 2019"
India,Karnataka,538,Kalaburagi,5584,Sedam,2019-20,890,656,627,878,761,734,985,707,584,648,1228,2019,"Financial Year (Apr - Mar), 2019"
India,Karnataka,538,Kalaburagi,5585,Chittapur,2019-20,762,558,563,768,663,463,792,576,423,642,1088,2019,"Financial Year (Apr - Mar), 2019"
India,Karnataka,538,Kalaburagi,5586,Jevargi,2019-20,750,434,490,696,540,442,589,645,361,541,1001,2019,"Financial Year (Apr - Mar), 2019"
India,Karnataka,538,Kalaburagi,7087,Kalagi,2019-20,0,0,0,0,0,0,0,0,0,738,1104,2019,"Financial Year (Apr - Mar), 2019"
India,Karnataka,538,Kalaburagi,7088,Shahabad,2019-20,0,0,0,0,0,0,0,0,0,551,1102,2019,"Financial Year (Apr - Mar), 2019"
India,Karnataka,538,Kalaburagi,7089,Yadrami,2019-20,0,0,0,0,0,0,0,0,0,495,859,2019,"Financial Year (Apr - Mar), 2019"
India,Karnataka,538,Kalaburagi,7090,Kamalapur,2019-20,0,0,0,0,0,0,0,0,0,859,1295,2019,"Financial Year (Apr - Mar), 2019"
India,Karnataka,539,Hassan,5553,Sakleshpur,2019-20,2688,2896,2334,2938,2667,2105,1841,2020,3702,3581,2902,2019,"Financial Year (Apr - Mar), 2019"
India,Karnataka,539,Hassan,5554,Belur,2019-20,1452,1343,775,1149,1315,1221,700,906,1283,1571,1160,2019,"Financial Year (Apr - Mar), 2019"
India,Karnataka,539,Hassan,5555,Arsikere,2019-20,1058,536,445,558,824,869,325,736,664,944,749,2019,"Financial Year (Apr - Mar), 2019"
India,Karnataka,539,Hassan,5556,Hassan,2019-20,1303,830,645,865,1038,822,448,814,978,1122,824,2019,"Financial Year (Apr - Mar), 2019"
India,Karnataka,539,Hassan,5557,Alur,2019-20,1647,1550,946,1271,1286,1134,876,970,1778,1587,1149,2019,"Financial Year (Apr - Mar), 2019"
India,Karnataka,539,Hassan,5558,Arkalgud,2019-20,1152,859,554,941,873,824,519,838,1248,918,792,2019,"Financial Year (Apr - Mar), 2019"
India,Karnataka,539,Hassan,5559,Hole Narsipur,2019-20,1091,716,429,778,827,695,442,718,876,862,653,2019,"Financial Year (Apr - Mar), 2019"
India,Karnataka,539,Hassan,5560,Channarayapatna,2019-20,954,640,443,569,764,737,359,799,590,910,800,2019,"Financial Year (Apr - Mar), 2019"
India,Karnataka,540,Haveri,5489,Shiggaon,2019-20,1028,834,589,809,977,670,531,581,792,1329,921,2019,"Financial Year (Apr - Mar), 2019"
India,Karnataka,540,Haveri,5490,Savanur,2019-20,826,552,442,741,809,597,847,553,657,955,690,2019,"Financial Year (Apr - Mar), 2019"
India,Karnataka,540,Haveri,5491,Hangal,2019-20,1022,999,634,886,1365,775,547,744,971,1370,963,2019,"Financial Year (Apr - Mar), 2019"
India,Karnataka,540,Haveri,5492,Haveri,2019-20,905,662,515,695,1123,613,496,614,763,867,711,2019,"Financial Year (Apr - Mar), 2019"
India,Karnataka,540,Haveri,5493,Byadgi,2019-20,1319,866,594,770,1032,709,495,664,598,920,733,2019,"Financial Year (Apr - Mar), 2019"
India,Karnataka,540,Haveri,5494,Hirekerur,2019-20,1335,955,690,969,1342,861,629,939,850,847,742,2019,"Financial Year (Apr - Mar), 2019"
India,Karnataka,540,Haveri,5495,Ranibennur,2019-20,791,594,471,539,888,544,368,659,603,774,639,2019,"Financial Year (Apr - Mar), 2019"
India,Karnataka,540,Haveri,7106,Rattihalli,2019-20,1469,768,495,810,1192,605,460,717,784,735,702,2019,"Financial Year (Apr - Mar), 2019"
India,Karnataka,541,Kodagu,5566,Madikeri,2019-20,3636,4471,2899,4660,4170,3492,2869,3381,6166,3806,3488,2019,"Financial Year (Apr - Mar), 2019"
India,Karnataka,541,Kodagu,5567,Somvarpet,2019-20,2116,2331,1778,3250,2409,1933,1856,1926,3795,2085,1784,2019,"Financial Year (Apr - Mar), 2019"
India,Karnataka,541,Kodagu,5568,Virajpet,2019-20,2247,2477,1374,2168,2157,1683,1241,1471,3123,3017,2177,2019,"Financial Year (Apr - Mar), 2019"
India,Karnataka,542,Kolar,5590,Srinivaspur,2019-20,729,617,691,615,418,1136,557,803,343,743,986,2019,"Financial Year (Apr - Mar), 2019"
India,Karnataka,542,Kolar,5591,Kolar,2019-20,997,746,698,755,600,977,272,1003,471,725,926,2019,"Financial Year (Apr - Mar), 2019"
India,Karnataka,542,Kolar,5592,Malur,2019-20,554,559,602,504,537,869,449,902,499,704,947,2019,"Financial Year (Apr - Mar), 2019"
India,Karnataka,542,Kolar,5593,Bangarapet,2019-20,827,612,906,493,447,794,318,916,311,651,930,2019,"Financial Year (Apr - Mar), 2019"
India,Karnataka,542,Kolar,5594,Mulbagal,2019-20,841,660,797,541,496,1084,537,1145,388,704,1038,2019,"Financial Year (Apr - Mar), 2019"
India,Karnataka,542,Kolar,7002,Kolar Gold Field,2019-20,0,0,0,0,0,0,0,0,0,570,1125,2019,"Financial Year (Apr - Mar), 2019"
India,Karnataka,543,Koppal,5464,Yelbarga,2019-20,737,434,368,507,765,483,349,698,350,607,829,2019,"Financial Year (Apr - Mar), 2019"
India,Karnataka,543,Koppal,5465,Kushtagi,2019-20,702,396,379,611,779,553,372,559,395,679,846,2019,"Financial Year (Apr - Mar), 2019"
India,Karnataka,543,Koppal,5466,Gangawati,2019-20,690,361,400,536,581,349,294,539,297,544,726,2019,"Financial Year (Apr - Mar), 2019"
India,Karnataka,543,Koppal,5467,Koppal,2019-20,871,480,413,594,807,539,404,636,344,652,927,2019,"Financial Year (Apr - Mar), 2019"
India,Karnataka,543,Koppal,7091,Kanakagiri,2019-20,0,0,0,0,0,0,0,0,0,707,800,2019,"Financial Year (Apr - Mar), 2019"
India,Karnataka,543,Koppal,7092,Karatagi,2019-20,0,0,0,0,0,0,0,0,0,529,836,2019,"Financial Year (Apr - Mar), 2019"
India,Karnataka,543,Koppal,7093,Kukunoor,2019-20,0,0,0,0,0,0,0,0,0,592,846,2019,"Financial Year (Apr - Mar), 2019"
India,Karnataka,544,Mandya,5546,Krishnarajpet,2019-20,823,598,438,578,822,796,439,754,633,821,733,2019,"Financial Year (Apr - Mar), 2019"
India,Karnataka,544,Mandya,5547,Nagamangala,2019-20,741,589,408,589,659,681,367,772,591,838,832,2019,"Financial Year (Apr - Mar), 2019"
India,Karnataka,544,Mandya,5548,Pandavapura,2019-20,837,688,511,415,717,683,369,784,613,810,892,2019,"Financial Year (Apr - Mar), 2019"
India,Karnataka,544,Mandya,5549,Shrirangapattana,2019-20,980,764,589,528,732,949,365,1076,659,737,847,2019,"Financial Year (Apr - Mar), 2019"
India,Karnataka,544,Mandya,5550,Mandya,2019-20,878,625,310,538,843,625,354,864,578,801,783,2019,"Financial Year (Apr - Mar), 2019"
India,Karnataka,544,Mandya,5551,Maddur,2019-20,897,773,478,724,900,1025,526,1090,904,822,854,2019,"Financial Year (Apr - Mar), 2019"
India,Karnataka,544,Mandya,5552,Malavalli,2019-20,880,593,542,544,702,843,466,1012,694,911,846,2019,"Financial Year (Apr - Mar), 2019"
India,Karnataka,545,Mysuru,5569,Piriyapatna,2019-20,519,819,459,695,812,869,451,885,1177,1014,799,2019,"Financial Year (Apr - Mar), 2019"
India,Karnataka,545,Mysuru,5570,Hunsur,2019-20,887,870,528,666,688,671,286,697,724,1082,872,2019,"Financial Year (Apr - Mar), 2019"
India,Karnataka,545,Mysuru,5571,Krishnarajanagara,2019-20,848,743,395,603,882,899,405,872,793,783,708,2019,"Financial Year (Apr - Mar), 2019"
India,Karnataka,545,Mysuru,5572,Mysuru,2019-20,1027,682,602,601,891,909,356,1019,679,883,912,2019,"Financial Year (Apr - Mar), 2019"
India,Karnataka,545,Mysuru,5573,Heggadadevankote,2019-20,941,1044,570,990,1032,732,413,841,1310,1217,838,2019,"Financial Year (Apr - Mar), 2019"
India,Karnataka,545,Mysuru,5574,Nanjangud,2019-20,1071,638,440,567,642,843,320,836,686,932,774,2019,"Financial Year (Apr - Mar), 2019"
India,Karnataka,545,Mysuru,5575,Tirumakudal - Narsipur,2019-20,864,559,422,535,762,825,314,1036,700,778,916,2019,"Financial Year (Apr - Mar), 2019"
India,Karnataka,545,Mysuru,7098,Saraguru,2019-20,0,0,0,0,0,0,0,0,0,1108,730,2019,"Financial Year (Apr - Mar), 2019"
India,Karnataka,546,Raichur,5459,Lingsugur,2019-20,612,371,347,528,449,446,304,690,164,538,796,2019,"Financial Year (Apr - Mar), 2019"
India,Karnataka,546,Raichur,5460,Devadurga,2019-20,704,346,331,658,606,513,568,721,296,478,798,2019,"Financial Year (Apr - Mar), 2019"
India,Karnataka,546,Raichur,5461,Raichur,2019-20,726,350,272,602,595,496,532,693,216,494,940,2019,"Financial Year (Apr - Mar), 2019"
India,Karnataka,546,Raichur,5462,Manvi,2019-20,605,334,395,608,554,410,439,729,188,515,822,2019,"Financial Year (Apr - Mar), 2019"
India,Karnataka,546,Raichur,5463,Sindhnur,2019-20,628,384,373,721,508,432,279,642,172,524,772,2019,"Financial Year (Apr - Mar), 2019"
India,Karnataka,546,Raichur,7097,Sirwar,2019-20,0,0,0,0,0,0,0,0,0,450,806,2019,"Financial Year (Apr - Mar), 2019"
India,Karnataka,546,Raichur,7101,Maski,2019-20,0,0,0,0,0,0,0,0,0,499,821,2019,"Financial Year (Apr - Mar), 2019"
India,Karnataka,547,Shivamogga,5515,Sagar,2019-20,3137,3403,2737,3608,3536,2294,2102,2305,3293,3832,1929,2019,"Financial Year (Apr - Mar), 2019"
India,Karnataka,547,Shivamogga,5516,Sorab,2019-20,1637,1645,1213,1860,1822,1001,989,1159,1617,1875,1543,2019,"Financial Year (Apr - Mar), 2019"
India,Karnataka,547,Shivamogga,5517,Shikarpur,2019-20,1460,945,774,1216,1342,600,622,727,935,1206,922,2019,"Financial Year (Apr - Mar), 2019"
India,Karnataka,547,Shivamogga,5518,Hosanagara,2019-20,4962,5696,5039,6065,5447,3890,3262,4007,5540,3969,4138,2019,"Financial Year (Apr - Mar), 2019"
India,Karnataka,547,Shivamogga,5519,Tirthahalli,2019-20,3068,3440,2549,3456,3586,2414,2126,2433,4016,3463,2958,2019,"Financial Year (Apr - Mar), 2019"
India,Karnataka,547,Shivamogga,5520,Shivamogga,2019-20,1288,873,679,906,1192,987,616,833,916,1382,1449,2019,"Financial Year (Apr - Mar), 2019"
India,Karnataka,547,Shivamogga,5521,Bhadravati,2019-20,1179,817,708,1018,1098,942,648,284,939,1237,1032,2019,"Financial Year (Apr - Mar), 2019"
India,Karnataka,548,Tumakuru,5532,Chiknayakanhalli,2019-20,870,429,386,418,621,681,199,434,324,911,717,2019,"Financial Year (Apr - Mar), 2019"
India,Karnataka,548,Tumakuru,5533,Sira,2019-20,888,484,473,644,655,895,337,671,470,771,740,2019,"Financial Year (Apr - Mar), 2019"
India,Karnataka,548,Tumakuru,5534,Pavagada,2019-20,723,320,469,505,479,650,395,583,261,625,821,2019,"Financial Year (Apr - Mar), 2019"
India,Karnataka,548,Tumakuru,5535,Madhugiri,2019-20,684,460,444,499,410,829,433,814,295,704,864,2019,"Financial Year (Apr - Mar), 2019"
India,Karnataka,548,Tumakuru,5536,Koratagere,2019-20,830,681,566,632,773,1128,618,818,503,759,864,2019,"Financial Year (Apr - Mar), 2019"
India,Karnataka,548,Tumakuru,5537,Tumakuru,2019-20,1038,723,576,752,885,1020,575,860,761,846,916,2019,"Financial Year (Apr - Mar), 2019"
India,Karnataka,548,Tumakuru,5538,Gubbi,2019-20,750,489,382,561,703,836,371,750,609,823,803,2019,"Financial Year (Apr - Mar), 2019"
India,Karnataka,548,Tumakuru,5539,Tiptur,2019-20,929,527,451,555,729,738,331,604,455,870,886,2019,"Financial Year (Apr - Mar), 2019"
India,Karnataka,548,Tumakuru,5540,Turuvekere,2019-20,865,637,475,452,740,996,347,773,600,817,855,2019,"Financial Year (Apr - Mar), 2019"
India,Karnataka,548,Tumakuru,5541,Kunigal,2019-20,800,659,503,705,838,1040,503,943,698,784,909,2019,"Financial Year (Apr - Mar), 2019"
India,Karnataka,549,Udupi,5522,Kundapura,2019-20,5176,5075,4283,4864,3909,3573,3529,4231,3382,5459,5136,2019,"Financial Year (Apr - Mar), 2019"
India,Karnataka,549,Udupi,5523,Udupi,2019-20,4668,4638,3898,4162,3320,3310,3355,3644,3431,4637,5098,2019,"Financial Year (Apr - Mar), 2019"
India,Karnataka,549,Udupi,5524,Karkal,2019-20,5196,5469,4464,5145,4600,4381,3710,3938,4810,5313,5107,2019,"Financial Year (Apr - Mar), 2019"
India,Karnataka,549,Udupi,7065,Hebri,2019-20,4192,4541,4951,5092,4650,4463,3785,3706,5301,5787,4876,2019,"Financial Year (Apr - Mar), 2019"
India,Karnataka,549,Udupi,7066,Bainduru,2019-20,5242,4994,3736,5136,3775,3469,3428,4974,3354,5680,5625,2019,"Financial Year (Apr - Mar), 2019"
India,Karnataka,549,Udupi,7067,Kapu,2019-20,4600,4324,4060,3990,3069,3281,3472,2922,3699,4206,5246,2019,"Financial Year (Apr - Mar), 2019"
India,Karnataka,549,Udupi,7068,Brahmavara,2019-20,4411,4680,3974,3968,3205,2962,3742,3994,3682,4967,4958,2019,"Financial Year (Apr - Mar), 2019"
India,Karnataka,550,Uttara Kannada,5478,Karwar,2019-20,4130,4401,3332,3824,2871,2718,2636,2977,3148,4862,5010,2019,"Financial Year (Apr - Mar), 2019"
India,Karnataka,550,Uttara Kannada,5479,Supa,2019-20,3073,4491,3396,4559,3987,2742,3066,3040,4268,4412,3063,2019,"Financial Year (Apr - Mar), 2019"
India,Karnataka,550,Uttara Kannada,5480,Haliyal,2019-20,1260,1492,924,1162,1326,863,867,1064,1161,2081,1541,2019,"Financial Year (Apr - Mar), 2019"
India,Karnataka,550,Uttara Kannada,5481,Yellapur,2019-20,2159,2451,1658,2263,2343,1392,1305,1636,2120,3667,2718,2019,"Financial Year (Apr - Mar), 2019"
India,Karnataka,550,Uttara Kannada,5482,Mundgod,2019-20,1330,1329,862,1315,1281,940,756,865,1059,2023,1561,2019,"Financial Year (Apr - Mar), 2019"
India,Karnataka,550,Uttara Kannada,5483,Sirsi,2019-20,2656,2831,2251,3118,3011,1846,1895,2145,3107,3993,3256,2019,"Financial Year (Apr - Mar), 2019"
India,Karnataka,550,Uttara Kannada,5484,Ankola,2019-20,4242,3911,3392,3723,3033,2518,2706,2993,2775,5426,5123,2019,"Financial Year (Apr - Mar), 2019"
India,Karnataka,550,Uttara Kannada,5485,Kumta,2019-20,5180,4786,4302,4651,4140,2762,4581,3025,2609,4989,4847,2019,"Financial Year (Apr - Mar), 2019"
India,Karnataka,550,Uttara Kannada,5486,Siddapur,2019-20,3690,4448,3992,4713,5095,2713,3123,3274,4476,4722,3681,2019,"Financial Year (Apr - Mar), 2019"
India,Karnataka,550,Uttara Kannada,5487,Honavar,2019-20,4747,4767,4042,4576,4503,3104,3500,2555,3093,5682,5279,2019,"Financial Year (Apr - Mar), 2019"
India,Karnataka,550,Uttara Kannada,5488,Bhatkal,2019-20,4794,4175,3788,4668,3678,3243,3343,3773,3334,5307,5255,2019,"Financial Year (Apr - Mar), 2019"
India,Karnataka,550,Uttara Kannada,7064,Dandeli,2019-20,0,0,0,0,0,0,0,0,0,2246,1750,2019,"Financial Year (Apr - Mar), 2019"
India,Karnataka,630,Chikkaballapura,5595,Gauribidanur,2019-20,941,662,545,635,525,1437,617,797,465,777,1016,2019,"Financial Year (Apr - Mar), 2019"
India,Karnataka,630,Chikkaballapura,5596,Chikkaballapura,2019-20,1015,725,584,623,486,996,623,686,411,807,977,2019,"Financial Year (Apr - Mar), 2019"
India,Karnataka,630,Chikkaballapura,5597,Gudibanda,2019-20,1069,669,539,563,441,943,498,665,426,641,890,2019,"Financial Year (Apr - Mar), 2019"
India,Karnataka,630,Chikkaballapura,5598,Bagepalli,2019-20,760,658,553,624,383,783,386,611,374,667,881,2019,"Financial Year (Apr - Mar), 2019"
India,Karnataka,630,Chikkaballapura,5599,Sidlaghatta,2019-20,830,676,561,553,339,1028,368,621,218,720,977,2019,"Financial Year (Apr - Mar), 2019"
India,Karnataka,630,Chikkaballapura,5600,Chintamani,2019-20,1047,664,724,505,390,1093,509,887,314,683,992,2019,"Financial Year (Apr - Mar), 2019"
India,Karnataka,631,Ramanagara,5605,Magadi,2019-20,804,677,497,726,848,1175,742,1090,964,846,978,2019,"Financial Year (Apr - Mar), 2019"
India,Karnataka,631,Ramanagara,5606,Ramanagara,2019-20,897,896,463,667,787,1093,686,1207,803,947,1088,2019,"Financial Year (Apr - Mar), 2019"
India,Karnataka,631,Ramanagara,5607,Channapatna,2019-20,737,828,431,776,670,1014,481,1199,913,858,916,2019,"Financial Year (Apr - Mar), 2019"
India,Karnataka,631,Ramanagara,5608,Kanakapura,2019-20,768,656,412,649,698,790,318,1163,582,872,969,2019,"Financial Year (Apr - Mar), 2019"
India,Karnataka,635,Yadgir,5587,Shorapur,2019-20,674,479,419,676,548,486,481,611,292,511,826,2019,"Financial Year (Apr - Mar), 2019"
India,Karnataka,635,Yadgir,5588,Shahpur,2019-20,735,430,490,721,476,547,589,684,359,529,923,2019,"Financial Year (Apr - Mar), 2019"
India,Karnataka,635,Yadgir,5589,Yadgir,2019-20,1099,746,733,847,580,868,817,795,535,641,1057,2019,"Financial Year (Apr - Mar), 2019"
India,Karnataka,635,Yadgir,7094,Gurumitkal,2019-20,0,0,0,0,0,0,0,0,0,746,1048,2019,"Financial Year (Apr - Mar), 2019"
India,Karnataka,635,Yadgir,7095,Wadagera,2019-20,0,0,0,0,0,0,0,0,0,558,1000,2019,"Financial Year (Apr - Mar), 2019"
India,Karnataka,635,Yadgir,7096,Hunasagi,2019-20,0,0,0,0,0,0,0,0,0,538,718,2019,"Financial Year (Apr - Mar), 2019"
